title,item_id,price,views,watchers
Kodak Carousel 760H Slide Projector w/Remote And Accessories,335966644745,$200.00,43,2
Vintage Bell & Howell Slide Cube 1000 Projector Orig Box,335971199792,$50.00,51,1
Rotel RX-1010 Vintage AM/FM Stereo Receiver - Untested - For Parts or Repair,335940695042,$90.00,75,4
Antec VP450 450 Watt Power Supply (ATX 12V v2.30),335930244024,$38.00,11,1
Dell Monitor,335971180687,$50.00,27,0
Insignia IS-HC040918 200W Stereo Receiver Amplifier,335940659295,$89.99,12,0
Vintage Royal Quiet De Luxe Typewriter 1950s With Case Comes With Ribbon,335971152588,$75.00,80,0
Anker PowerCore Select 20000 mAh Power Bank Dual USB Fast Portable Charger,335972175128,$25.00,63,2
Tim McGraw JBL On-ear Headphones,335971104535,$40.00,9,0
Linksys N600 E2500 Dual Band Wireless 4-Port Wi-Fi Router E2500 NEW Sealed,335954010933,$25.00,12,1
Antec VP450 450 Watt Power Supply (ATX 12V v2.30),335930234676,$40.00,7,0
Vintage Bone China Miniature Dog Figurine Japan,335946885779,$14.99,9,0
Vintage Realistic 42-2105 Tape Control Center for up 3 Deck,335971133488,$40.00,41,3
